<?xml version="1.0" encoding="UTF-8"?>
<project-private xmlns="http://www.netbeans.org/ns/project-private/1">
    <editor-bookmarks xmlns="http://www.netbeans.org/ns/editor-bookmarks/2" lastBookmarkId="0"/>
    <open-files xmlns="http://www.netbeans.org/ns/projectui-open-files/2">
        <group>
            <file>file:/Users/adrianferialopez/Desktop/DAW/PB2/2014-2015/UF4%20NF2%20Exemples%20i%20Exercicis%20POO/Ejercicio19/src/ejercicio19/Ordinador.java</file>
            <file>file:/Users/adrianferialopez/Desktop/DAW/PB2/2014-2015/UF4%20NF2%20Exemples%20i%20Exercicis%20POO/Ejercicio19/src/ejercicio19/Ejercicio19.java</file>
        </group>
    </open-files>
</project-private>
